{
  "regions": [
    {
      "nameRegion": "0",
      "typeRegion": "NFZ_REGION",
      "coordenates": [
        {
          "x": 32.78756974216481,
          "y": -3.444225832998761
        },
        {
          "x": 32.73517852068184,
          "y": -9.800493778541023
        },
        {
          "x": 2.6419262758256656,
          "y": -9.337143416149898
        },
        {
          "x": 2.727174178575077,
          "y": -3.1267864684780693
        }
      ]
    }
  ]
}
