{
  "regions": [
    {
      "nameRegion": "0",
      "typeRegion": "NFZ_REGION",
      "coordenates": [
        {
          "x": -3.9122702623131755,
          "y": 32.305400078367285
        },
        {
          "x": -2.972311651415222,
          "y": 21.262612398251626
        },
        {
          "x": -14.54105987031872,
          "y": 20.767766474324674
        },
        {
          "x": -15.041404785104646,
          "y": 32.644783269688475
        }
      ]
    }
  ]
}
