{
  "regions": [
    {
      "nameRegion": "0",
      "typeRegion": "NFZ_REGION",
      "coordenates": [
        {
          "x": 25.20580408771299,
          "y": 34.10088747026851
        },
        {
          "x": 25.689462503208976,
          "y": 19.183551396147482
        },
        {
          "x": 11.98127763943465,
          "y": 19.183695843521097
        },
        {
          "x": 10.748877668112897,
          "y": 34.10105489518721
        }
      ]
    }
  ]
}
